<application>
  <component name="FileTypeManager" version="18">
    <extensionMap>
      <mapping pattern="sso-teleport-client-secret" type="AUTO_DETECTED" />
      <mapping pattern="artifactory-regcred" type="AUTO_DETECTED" />
      <mapping pattern="github_runner_sp_oauth_token" type="AUTO_DETECTED" />
      <mapping pattern="ssomiddleware-teleport-client-secret" type="AUTO_DETECTED" />
      <mapping pattern="github_runner_token" type="AUTO_DETECTED" />
      <mapping pattern="github-runner-account-username" type="AUTO_DETECTED" />
      <mapping pattern="redis-password" type="AUTO_DETECTED" />
      <mapping pattern="dummy-ssh-key" type="AUTO_DETECTED" />
      <mapping pattern="github-runner-controller-pat" type="AUTO_DETECTED" />
      <mapping pattern="admin_password" type="AUTO_DETECTED" />
      <mapping pattern="0" type="AUTO_DETECTED" />
      <mapping pattern="ssomiddleware-client-cookie-hash-key" type="AUTO_DETECTED" />
      <mapping pattern="ssomiddleware-client-cookie-crypto-key" type="AUTO_DETECTED" />
      <mapping pattern="ssomiddleware-server-crypto-key" type="AUTO_DETECTED" />
      <mapping pattern="redis-master-password" type="AUTO_DETECTED" />
      <mapping pattern="github-runner-account-pat" type="AUTO_DETECTED" />
      <mapping pattern="system-tester-user-creds" type="AUTO_DETECTED" />
      <mapping pattern="system-tester-password" type="AUTO_DETECTED" />
      <mapping pattern="ssomiddleware-teleport-client-id" type="AUTO_DETECTED" />
      <mapping pattern="teleport-oidc-client-secret" type="AUTO_DETECTED" />
      <mapping pattern="password-encryption-key" type="AUTO_DETECTED" />
      <mapping pattern="oidc-client-secret" type="AUTO_DETECTED" />
      <mapping ext="dev" type="Dockerfile" />
      <mapping pattern=".env.*" type="Env File" />
      <mapping ext="env" type="Env File" />
      <mapping pattern="awdf" type="PLAIN_TEXT" />
      <mapping pattern="asdf" type="PLAIN_TEXT" />
      <mapping pattern="generate" type="PLAIN_TEXT" />
      <mapping pattern=".env_integrationtest" type="PLAIN_TEXT" />
      <mapping ext="kpxe" type="PLAIN_TEXT" />
      <mapping ext="pub" type="PLAIN_TEXT" />
    </extensionMap>
  </component>
</application>