<application>
  <component name="FindSettings">
    <option name="customScope" value="All Places" />
    <option name="defaultScopeName" value="All Places" />
    <option name="showResultsInSeparateView" value="true" />
    <option name="SHOW_RESULTS_IN_SEPARATE_VIEW" value="true" />
    <option name="SEARCH_SCOPE" value="All Places" />
    <option name="FILE_MASK" value="!*.pb.go" />
    <mask>*.css</mask>
    <mask>*.html</mask>
    <mask>*.xml</mask>
    <mask>*.go</mask>
    <mask>∆</mask>
    <mask>*_test.go</mask>
    <mask>!*mock.go</mask>
    <mask>!*.go</mask>
    <mask>*test.go</mask>
    <mask>development.dockerfile</mask>
    <mask>!*_test.go</mask>
    <mask>go.mod</mask>
    <mask>*meta.yaml</mask>
    <mask>!*pb.go</mask>
    <mask>*.proto</mask>
    <mask>*.yaml</mask>
    <mask>!*.pb.go</mask>
  </component>
</application>