<keymap version="1" name="macOS copy" parent="Mac OS X 10.5+">
  <action id="ActivateFavoritesToolWindow" />
  <action id="ActivateMessagesToolWindow" />
  <action id="ActivateProjectToolWindow">
    <keyboard-shortcut first-keystroke="shift ctrl n" />
    <keyboard-shortcut first-keystroke="ctrl meta b" />
  </action>
  <action id="ActivateRunToolWindow" />
  <action id="ActivateTerminalToolWindow">
    <keyboard-shortcut first-keystroke="alt f12" />
    <keyboard-shortcut first-keystroke="meta j" />
  </action>
  <action id="Arrangement.Alias.Rule.Add">
    <keyboard-shortcut first-keystroke="ctrl enter" />
  </action>
  <action id="Arrangement.Alias.Rule.Match.Condition.Move.Up" />
  <action id="Arrangement.Rule.Add">
    <keyboard-shortcut first-keystroke="ctrl enter" />
  </action>
  <action id="Arrangement.Rule.Match.Condition.Move.Down" />
  <action id="Arrangement.Rule.Match.Condition.Move.Up" />
  <action id="Back">
    <mouse-shortcut keystroke="button4" />
    <keyboard-shortcut first-keystroke="ctrl open_bracket" />
  </action>
  <action id="ChangesView.Diff" />
  <action id="ChangesView.Move" />
  <action id="ChangesView.ShelveSilently" />
  <action id="CheckinProject" />
  <action id="ChooseRunConfiguration" />
  <action id="ClassNameCompletion">
    <keyboard-shortcut first-keystroke="ctrl alt space" />
    <keyboard-shortcut first-keystroke="alt space" />
  </action>
  <action id="CloseAllUnmodifiedEditors">
    <keyboard-shortcut first-keystroke="ctrl meta w" />
  </action>
  <action id="CollapseAll">
    <keyboard-shortcut first-keystroke="meta subtract" />
  </action>
  <action id="CollapseExpandableComponent">
    <keyboard-shortcut first-keystroke="shift enter" />
    <keyboard-shortcut first-keystroke="meta subtract" />
  </action>
  <action id="CollapseSelection" />
  <action id="CommentByBlockComment">
    <keyboard-shortcut first-keystroke="shift meta divide" />
    <keyboard-shortcut first-keystroke="shift meta divide" />
  </action>
  <action id="CommentByLineComment">
    <keyboard-shortcut first-keystroke="meta divide" />
    <keyboard-shortcut first-keystroke="shift meta c" />
  </action>
  <action id="CompareTwoFiles" />
  <action id="Console.TableResult.AddColumn" />
  <action id="Console.TableResult.CloneRow" />
  <action id="Console.TableResult.ColumnVisibility" />
  <action id="Console.TableResult.CompareCells" />
  <action id="Console.TableResult.DeleteRows">
    <keyboard-shortcut first-keystroke="meta back_space" />
  </action>
  <action id="Console.TableResult.NavigateAction">
    <keyboard-shortcut first-keystroke="f4" />
  </action>
  <action id="Console.TableResult.NextPage" />
  <action id="Console.TableResult.PreviousPage" />
  <action id="Console.TableResult.SelectRow" />
  <action id="Console.TableResult.SetDefault" />
  <action id="CopyPaths" />
  <action id="DatabaseView.CopyAction" />
  <action id="DatabaseView.CopyDdlAction">
    <keyboard-shortcut first-keystroke="shift meta alt g" />
  </action>
  <action id="Debug" />
  <action id="Diff.ShowDiff" />
  <action id="Diff.ShowSettingsPopup" />
  <action id="DomCollectionControl.Edit">
    <keyboard-shortcut first-keystroke="f4" />
  </action>
  <action id="DomElementsTreeView.GotoDomElementDeclarationAction">
    <keyboard-shortcut first-keystroke="f4" />
  </action>
  <action id="DuplicatesForm.SendToLeft" />
  <action id="DuplicatesForm.SendToRight" />
  <action id="EditSource">
    <keyboard-shortcut first-keystroke="f4" />
  </action>
  <action id="EditorChooseLookupItemDot" />
  <action id="EditorCloneCaretAbove">
    <keyboard-shortcut first-keystroke="meta up" />
    <keyboard-shortcut first-keystroke="meta alt up" />
  </action>
  <action id="EditorCloneCaretBelow">
    <keyboard-shortcut first-keystroke="meta down" />
    <keyboard-shortcut first-keystroke="meta alt down" />
  </action>
  <action id="EditorCompleteStatement" />
  <action id="EditorCutLineEnd" />
  <action id="EditorDown">
    <keyboard-shortcut first-keystroke="down" />
    <keyboard-shortcut first-keystroke="ctrl n" />
    <keyboard-shortcut first-keystroke="alt j" />
    <keyboard-shortcut first-keystroke="ctrl j" />
  </action>
  <action id="EditorDuplicate" />
  <action id="EditorIncreaseFontSize">
    <keyboard-shortcut first-keystroke="meta 5" />
  </action>
  <action id="EditorJoinLines" />
  <action id="EditorLeft">
    <keyboard-shortcut first-keystroke="left" />
    <keyboard-shortcut first-keystroke="ctrl b" />
    <keyboard-shortcut first-keystroke="alt h" />
  </action>
  <action id="EditorLookupDown" />
  <action id="EditorRight">
    <keyboard-shortcut first-keystroke="right" />
    <keyboard-shortcut first-keystroke="ctrl f" />
    <keyboard-shortcut first-keystroke="alt l" />
  </action>
  <action id="EditorScrollDown">
    <keyboard-shortcut first-keystroke="alt up" />
  </action>
  <action id="EditorScrollUp">
    <keyboard-shortcut first-keystroke="alt down" />
  </action>
  <action id="EditorSelectWord" />
  <action id="EditorToggleColumnMode" />
  <action id="EditorToggleShowIndentLines">
    <keyboard-shortcut first-keystroke="shift ctrl 8" />
  </action>
  <action id="EditorToggleShowWhitespaces">
    <keyboard-shortcut first-keystroke="shift ctrl 9" />
  </action>
  <action id="EditorToggleUseSoftWraps">
    <keyboard-shortcut first-keystroke="meta slash" />
  </action>
  <action id="EditorUnSelectWord" />
  <action id="EditorUp">
    <keyboard-shortcut first-keystroke="up" />
    <keyboard-shortcut first-keystroke="ctrl p" />
    <keyboard-shortcut first-keystroke="ctrl k" />
  </action>
  <action id="ExpandAll">
    <keyboard-shortcut first-keystroke="meta add" />
  </action>
  <action id="ExpandAllRegions">
    <keyboard-shortcut first-keystroke="shift meta add" />
    <keyboard-shortcut first-keystroke="shift meta equals" />
    <keyboard-shortcut first-keystroke="shift meta dead_tilde" />
    <keyboard-shortcut first-keystroke="shift meta multiply" />
  </action>
  <action id="ExpandExpandableComponent">
    <keyboard-shortcut first-keystroke="shift enter" />
    <keyboard-shortcut first-keystroke="meta add" />
  </action>
  <action id="ExpandRegion">
    <keyboard-shortcut first-keystroke="meta add" />
    <keyboard-shortcut first-keystroke="meta dead_tilde" />
    <keyboard-shortcut first-keystroke="meta equals" />
  </action>
  <action id="ExportSettings">
    <keyboard-shortcut first-keystroke="shift meta alt minus" />
    <keyboard-shortcut first-keystroke="shift ctrl equals" />
  </action>
  <action id="ExternalSystem.CollapseAll">
    <keyboard-shortcut first-keystroke="meta subtract" />
  </action>
  <action id="ExternalSystem.ExpandAll">
    <keyboard-shortcut first-keystroke="meta add" />
  </action>
  <action id="ExternalSystem.OpenConfig">
    <keyboard-shortcut first-keystroke="f4" />
  </action>
  <action id="FileChooser.GotoDesktop" />
  <action id="FileChooser.GotoHome" />
  <action id="FileChooser.GotoProject" />
  <action id="FileChooser.NewFolder" />
  <action id="FileChooser.TogglePathBar" />
  <action id="ForceRunToCursor" />
  <action id="Forward">
    <mouse-shortcut keystroke="button5" />
    <keyboard-shortcut first-keystroke="ctrl close_bracket" />
  </action>
  <action id="Generate">
    <keyboard-shortcut first-keystroke="ctrl enter" />
  </action>
  <action id="Git.CompareWithBranch">
    <keyboard-shortcut first-keystroke="ctrl meta 0" />
  </action>
  <action id="GoGenerateFileAction" />
  <action id="GoOpenSettings">
    <keyboard-shortcut first-keystroke="f4" />
  </action>
  <action id="GoToTab1">
    <keyboard-shortcut first-keystroke="meta 1" />
  </action>
  <action id="GoToTab2">
    <keyboard-shortcut first-keystroke="meta 2" />
  </action>
  <action id="GoToTab3">
    <keyboard-shortcut first-keystroke="meta 3" />
  </action>
  <action id="GoToTab4">
    <keyboard-shortcut first-keystroke="meta 4" />
  </action>
  <action id="GotoAction" />
  <action id="GotoBookmark0" />
  <action id="GotoBookmark1" />
  <action id="GotoBookmark2" />
  <action id="GotoBookmark3" />
  <action id="GotoBookmark4" />
  <action id="GotoBookmark5" />
  <action id="GotoBookmark6" />
  <action id="GotoBookmark7" />
  <action id="GotoBookmark8" />
  <action id="GotoBookmark9" />
  <action id="GotoFile">
    <keyboard-shortcut first-keystroke="meta p" />
  </action>
  <action id="GotoNextError">
    <keyboard-shortcut first-keystroke="f2" />
    <keyboard-shortcut first-keystroke="shift ctrl j" />
  </action>
  <action id="GotoPreviousError">
    <keyboard-shortcut first-keystroke="shift f2" />
    <keyboard-shortcut first-keystroke="shift ctrl k" />
  </action>
  <action id="GotoTypeDeclaration">
    <keyboard-shortcut first-keystroke="shift meta b" />
    <mouse-shortcut keystroke="shift meta button1" />
  </action>
  <action id="Graph.ActualSize">
    <keyboard-shortcut first-keystroke="meta divide" />
  </action>
  <action id="Images.Editor.ActualSize">
    <keyboard-shortcut first-keystroke="meta divide" />
  </action>
  <action id="Images.Editor.ZoomIn">
    <keyboard-shortcut first-keystroke="meta add" />
  </action>
  <action id="Images.Editor.ZoomOut">
    <keyboard-shortcut first-keystroke="meta subtract" />
  </action>
  <action id="InsertLiveTemplate" />
  <action id="Jdbc.OpenEditor">
    <keyboard-shortcut first-keystroke="f4" />
  </action>
  <action id="MaximizeEditorInSplit">
    <keyboard-shortcut first-keystroke="shift ctrl enter" />
  </action>
  <action id="MethodDown" />
  <action id="MethodHierarchy" />
  <action id="MethodOverloadSwitchDown" />
  <action id="MethodOverloadSwitchUp" />
  <action id="MoveTabDown">
    <keyboard-shortcut first-keystroke="shift meta d" />
  </action>
  <action id="MoveTabRight">
    <keyboard-shortcut first-keystroke="meta d" />
  </action>
  <action id="NavBar-navigate">
    <keyboard-shortcut first-keystroke="f4" />
  </action>
  <action id="NewElement">
    <keyboard-shortcut first-keystroke="ctrl enter" />
  </action>
  <action id="NextDiff">
    <keyboard-shortcut first-keystroke="f7" />
    <keyboard-shortcut first-keystroke="ctrl meta close_bracket" />
  </action>
  <action id="NextOccurence" />
  <action id="NextSplitter">
    <keyboard-shortcut first-keystroke="shift ctrl l" />
  </action>
  <action id="NextTab">
    <keyboard-shortcut first-keystroke="shift meta close_bracket" />
    <keyboard-shortcut first-keystroke="ctrl right" />
    <keyboard-shortcut first-keystroke="meta alt right" />
  </action>
  <action id="NextWindow" />
  <action id="OpenFile">
    <keyboard-shortcut first-keystroke="meta 0" />
  </action>
  <action id="ParameterInfo" />
  <action id="PrevSplitter">
    <keyboard-shortcut first-keystroke="shift alt tab" />
    <keyboard-shortcut first-keystroke="shift ctrl h" />
  </action>
  <action id="PreviousDiff">
    <keyboard-shortcut first-keystroke="shift f7" />
    <keyboard-shortcut first-keystroke="ctrl meta open_bracket" />
  </action>
  <action id="PreviousOccurence" />
  <action id="PreviousTab">
    <keyboard-shortcut first-keystroke="shift meta open_bracket" />
    <keyboard-shortcut first-keystroke="ctrl left" />
    <keyboard-shortcut first-keystroke="meta alt left" />
  </action>
  <action id="ProblemsView.QuickFixes">
    <keyboard-shortcut first-keystroke="alt enter" />
    <keyboard-shortcut first-keystroke="ctrl period" />
  </action>
  <action id="ProjectViewEditSource">
    <keyboard-shortcut first-keystroke="f4" />
  </action>
  <action id="QuickImplementations">
    <keyboard-shortcut first-keystroke="meta y" />
  </action>
  <action id="QuickJavaDoc">
    <keyboard-shortcut first-keystroke="f1" />
    <mouse-shortcut keystroke="control button2" />
  </action>
  <action id="QuickPreview" />
  <action id="Refactorings.QuickListPopupAction">
    <keyboard-shortcut first-keystroke="ctrl t" />
    <keyboard-shortcut first-keystroke="shift meta r" />
  </action>
  <action id="ReformatCode">
    <keyboard-shortcut first-keystroke="meta alt l" />
    <keyboard-shortcut first-keystroke="ctrl meta f" />
    <keyboard-shortcut first-keystroke="shift meta 0" />
  </action>
  <action id="RemoteHostView.EditSource">
    <keyboard-shortcut first-keystroke="f4" />
  </action>
  <action id="ReopenClosedTab">
    <keyboard-shortcut first-keystroke="shift meta w" />
  </action>
  <action id="ReplaceInPath" />
  <action id="Rerun">
    <keyboard-shortcut first-keystroke="ctrl meta r" />
  </action>
  <action id="RerunTests" />
  <action id="Run" />
  <action id="RunClass" />
  <action id="RunDashboard.CopyConfiguration" />
  <action id="RunInspection" />
  <action id="RunJsbtTask" />
  <action id="RunToCursor" />
  <action id="SearchEverywhere.NavigateToNextGroup">
    <keyboard-shortcut first-keystroke="page_down" />
  </action>
  <action id="SearchEverywhere.NavigateToPrevGroup">
    <keyboard-shortcut first-keystroke="page_up" />
  </action>
  <action id="SelectNextOccurrence">
    <keyboard-shortcut first-keystroke="ctrl d" />
  </action>
  <action id="SendEOF" />
  <action id="ServiceView.AddService">
    <keyboard-shortcut first-keystroke="ctrl enter" />
  </action>
  <action id="ServiceView.JumpToServices">
    <keyboard-shortcut first-keystroke="alt home" />
  </action>
  <action id="SetShortcutAction">
    <keyboard-shortcut first-keystroke="alt enter" />
    <keyboard-shortcut first-keystroke="ctrl period" />
  </action>
  <action id="ShowContent" />
  <action id="ShowIntentionActions">
    <keyboard-shortcut first-keystroke="alt enter" />
    <keyboard-shortcut first-keystroke="ctrl period" />
  </action>
  <action id="ShowNavBar">
    <keyboard-shortcut first-keystroke="alt home" />
  </action>
  <action id="ShowSearchHistory" />
  <action id="SmartSelect" />
  <action id="SplitChooser.SplitCenter" />
  <action id="Sql.EditParameter">
    <keyboard-shortcut first-keystroke="f4" />
  </action>
  <action id="SwitchIdeScaleAction">
    <keyboard-shortcut first-keystroke="shift ctrl 7" />
  </action>
  <action id="TableResult.GrowSelection" />
  <action id="Terminal.NextSplitter">
    <keyboard-shortcut first-keystroke="shift ctrl l" />
  </action>
  <action id="Terminal.PrevSplitter">
    <keyboard-shortcut first-keystroke="shift alt tab" />
    <keyboard-shortcut first-keystroke="shift ctrl h" />
  </action>
  <action id="Terminal.SmartCommandExecution.Debug" />
  <action id="ToggleBookmark0" />
  <action id="ToggleBookmark7" />
  <action id="ToggleBookmark8" />
  <action id="ToggleBookmark9" />
  <action id="ToggleDistractionFreeMode">
    <keyboard-shortcut first-keystroke="meta n" />
  </action>
  <action id="ToggleFullScreen">
    <keyboard-shortcut first-keystroke="meta back_quote" />
  </action>
  <action id="ToggleMinimap">
    <keyboard-shortcut first-keystroke="shift ctrl meta 9" />
  </action>
  <action id="ToggleZenMode">
    <keyboard-shortcut first-keystroke="ctrl meta n" />
  </action>
  <action id="TypeHierarchy" />
  <action id="Uml.NewElement">
    <keyboard-shortcut first-keystroke="ctrl enter" />
  </action>
  <action id="Uml.NodeIntentions">
    <keyboard-shortcut first-keystroke="alt enter" />
    <keyboard-shortcut first-keystroke="ctrl period" />
  </action>
  <action id="Uml.ShowDiff" />
  <action id="UnselectPreviousOccurrence" />
  <action id="UpdateRunningApplication" />
  <action id="UsageGrouping.DirectoryStructure" />
  <action id="Vcs.EditSource">
    <keyboard-shortcut first-keystroke="f4" />
  </action>
  <action id="Vcs.MoveChangedLinesToChangelist" />
  <action id="Vcs.Push" />
  <action id="VcsShowNextChangeMarker">
    <keyboard-shortcut first-keystroke="ctrl meta j" />
  </action>
  <action id="VcsShowPrevChangeMarker">
    <keyboard-shortcut first-keystroke="ctrl meta k" />
  </action>
  <action id="XDebugger.CopyWatch" />
  <action id="XDebugger.JumpToSource">
    <keyboard-shortcut first-keystroke="f4" />
  </action>
  <action id="copilot.disableCopilot">
    <keyboard-shortcut first-keystroke="shift meta alt o" />
    <keyboard-shortcut first-keystroke="shift ctrl 0" />
  </action>
  <action id="copilot.enableCopilot">
    <keyboard-shortcut first-keystroke="shift meta alt o" />
    <keyboard-shortcut first-keystroke="shift ctrl 0" />
  </action>
  <action id="openAssertEqualsDiff" />
</keymap>