<application>
  <component name="com.intellij.ide.ui.customization.CustomActionsSchema">
    <group value="ChangesView.Revert" is_action="true" action_type="-1" position="5">
      <path value="root" />
      <path value="VCS Operations Popup" />
      <path value="Vcs.Operations.Popup.VcsAware" />
      <option name="myInitialPosition" value="-1" />
    </group>
    <group value="ChangesView.ToggleCommitUi" is_action="true" action_type="-1" position="3">
      <path value="root" />
      <path value="VCS Operations Popup" />
      <path value="Vcs.Operations.Popup.VcsAware" />
      <option name="myInitialPosition" value="-1" />
    </group>
    <group value="CheckinProject" is_action="true" action_type="-1" position="2">
      <path value="root" />
      <path value="VCS Operations Popup" />
      <path value="Vcs.Operations.Popup.VcsAware" />
      <option name="myInitialPosition" value="-1" />
    </group>
  </component>
</application>