<application>
  <component name="GitToolBoxAppSettings2">
    <option name="blameInlineAuthorNameType" value="INITIALS" />
    <option name="blameStatusAuthorNameType" value="INITIALS" />
    <option name="decorationParts">
      <list>
        <DecorationPartConfig>
          <option name="type" value="LOCATION" />
          <option name="prefix" value="- " />
        </DecorationPartConfig>
        <DecorationPartConfig>
          <option name="type" value="BRANCH" />
        </DecorationPartConfig>
        <DecorationPartConfig>
          <option name="type" value="STATUS" />
        </DecorationPartConfig>
      </list>
    </option>
    <option name="previousVersionMigrated" value="true" />
    <option name="version" value="2" />
  </component>
</application>