<application>
  <component name="GeneralSettings">
    <option name="confirmExit" value="false" />
    <option name="processCloseConfirmation" value="TERMINATE" />
    <option name="autoSaveFiles" value="false" />
    <option name="showTipsOnStartup" value="false" />
  </component>
  <component name="Registry">
    <entry key="suggest.all.run.configurations.from.context" value="true" />
    <entry key="ide.balloon.shadow.size" value="0" />
    <entry key="ide.tree.ui.experimental" value="false" />
    <entry key="ide.tooltip.initialDelay" value="857" />
    <entry key="completion.stats.show.ml.ranking.diff" value="true" />
    <entry key="vcs.annotations.preload" value="true" />
  </component>
</application>