<application>
  <component name="MaterialThemeConfig">
    <option name="compactDropdowns" value="true" />
    <option name="compactSidebar" value="true" />
    <option name="isCompactMenus" value="true" />
    <option name="isCompactStatusBar" value="true" />
    <option name="isCompactTables" value="true" />
    <option name="isContrastMode" value="true" />
    <option name="isCustomTreeIndentEnabled" value="true" />
    <option name="isDecoratedFolders" value="false" />
    <option name="isWizardShown" value="true" />
    <option name="pristineConfig" value="false" />
    <option name="customSidebarHeight" value="24" />
    <option name="leftTreeIndent" value="0" />
    <option name="rightTreeIndent" value="8" />
    <option name="settingsSelectedTab" value="3" />
    <option name="accentColor" value="7e57c2" />
    <option name="selectedTheme" value="NIGHT_OWL" />
    <option name="userId" value="42382f3d:1706e970e4c:-8000" />
    <option name="version" value="4.11.5" />
  </component>
</application>