<application>
  <component name="ApplicationTasksOptions">
    <global-watchers>
      <TaskOptions>
        <option name="arguments" value="--format=&quot;{{.Path}}:{{.Line}}: {{.Message}}&quot; -e versionTool --vendor --disable-all --enable=vet --enable=golint --enable=errcheck --enable=ineffassign --enable=vetshadow $FilePath$" />
        <option name="checkSyntaxErrors" value="true" />
        <option name="description" />
        <option name="exitCodeBehavior" value="NEVER" />
        <option name="fileExtension" value="go" />
        <option name="immediateSync" value="false" />
        <option name="name" value="gometalinter" />
        <option name="output" value="$FilePath$" />
        <option name="outputFilters">
          <array>
            <FilterInfo>
              <option name="description" value="" />
              <option name="name" value="" />
              <option name="regExp" value="$FILE_PATH$:$LINE$:$MESSAGE$" />
            </FilterInfo>
          </array>
        </option>
        <option name="outputFromStdout" value="false" />
        <option name="program" value="gometalinter" />
        <option name="runOnExternalChanges" value="false" />
        <option name="scopeName" value="Project Files" />
        <option name="trackOnlyRoot" value="true" />
        <option name="workingDir" value="$ProjectFileDir$" />
        <envs>
          <env name="GOROOT" value="$GOROOT$" />
          <env name="GOPATH" value="$GOPATH$" />
          <env name="PATH" value="$GoBinDirs$" />
        </envs>
      </TaskOptions>
      <TaskOptions>
        <option name="arguments" value="-w --local freiheit.com $FilePath$" />
        <option name="checkSyntaxErrors" value="true" />
        <option name="description" />
        <option name="exitCodeBehavior" value="ERROR" />
        <option name="fileExtension" value="go" />
        <option name="immediateSync" value="false" />
        <option name="name" value="goimports" />
        <option name="output" value="$FilePath$" />
        <option name="outputFilters">
          <array />
        </option>
        <option name="outputFromStdout" value="false" />
        <option name="program" value="goimports" />
        <option name="runOnExternalChanges" value="false" />
        <option name="scopeName" value="Project Files" />
        <option name="trackOnlyRoot" value="true" />
        <option name="workingDir" value="$ProjectFileDir$" />
        <envs>
          <env name="GOROOT" value="$GOROOT$" />
          <env name="GOPATH" value="$GOPATH$" />
          <env name="PATH" value="$GoBinDirs$" />
        </envs>
      </TaskOptions>
      <TaskOptions>
        <option name="arguments" value="fmt $FilePath$" />
        <option name="checkSyntaxErrors" value="true" />
        <option name="description" />
        <option name="exitCodeBehavior" value="ERROR" />
        <option name="fileExtension" value="go" />
        <option name="immediateSync" value="false" />
        <option name="name" value="go fmt" />
        <option name="output" value="$FilePath$" />
        <option name="outputFilters">
          <array />
        </option>
        <option name="outputFromStdout" value="false" />
        <option name="program" value="$GoExecPath$" />
        <option name="runOnExternalChanges" value="false" />
        <option name="scopeName" value="Project Files" />
        <option name="trackOnlyRoot" value="true" />
        <option name="workingDir" value="$ProjectFileDir$" />
        <envs>
          <env name="GOROOT" value="$GOROOT$" />
          <env name="GOPATH" value="$GOPATH$" />
          <env name="PATH" value="$GoBinDirs$" />
        </envs>
      </TaskOptions>
    </global-watchers>
  </component>
</application>